<?xml version="1.0" encoding="UTF-8"?>
<project-private xmlns="http://www.netbeans.org/ns/project-private/1">
    <editor-bookmarks xmlns="http://www.netbeans.org/ns/editor-bookmarks/2" lastBookmarkId="0"/>
    <open-files xmlns="http://www.netbeans.org/ns/projectui-open-files/2">
        <group>
            <file>file:/C:/Users/Rajharsh/Documents/NetBeansProjects/emp_management_system_gui/src/emp_management_system_gui/Db.java</file>
            <file>file:/C:/Users/Rajharsh/Documents/NetBeansProjects/emp_management_system_gui/src/emp_management_system_gui/Emp_management_system_gui.java</file>
            <file>file:/C:/Users/Rajharsh/Documents/NetBeansProjects/emp_management_system_gui/src/emp_management_system_gui/Main.java</file>
            <file>file:/C:/Users/Rajharsh/Documents/NetBeansProjects/emp_management_system_gui/src/emp_management_system_gui/Menu.java</file>
            <file>file:/C:/Users/Rajharsh/Documents/NetBeansProjects/emp_management_system_gui/src/emp_management_system_gui/Crud.java</file>
            <file>file:/C:/Users/Rajharsh/Documents/NetBeansProjects/emp_management_system_gui/src/emp_management_system_gui/Employee.java</file>
        </group>
    </open-files>
</project-private>
